ID,category
1,A baby 
2,Abacus 
3,A body of water 
4,A c 
5,Acquaticplants 
6,Acrobat 
7,Adaptor 
8,Adding machine 
9,Advertise 
10,Advertisement 
11,Advertisement board 
12,Advertisements 
13,Aerial 
14,Aerial building 
15,Air boat 
16,Air conditioner 
17,Air conditioning 
18,Aircraft 
19,Aircraft carrier 
20,Aircrafts 
21,Air filter 
22,Air freshener 
23,Air hockey 
24,Air hockey table 
25,Airlock 
26,Air machine 
27,Airplane 
28,Airplanes 
29,Airplane toy 
30,Airport cart 
31,Airspray 
32,Air traffic control office 
33,Air traffic control tower 
34,Air vent 
35,Air ventilator 
36,Alambique 
37,Alarm 
38,Alarm clock 
39,Alcove 
40,Alga 
41,Algas 
42,Alleyway 
43,Altar 
44,Altarpiece 
45,Amchair 
46,American flag 
47,Amphiteater 
48,Amplifier 
49,Anchor 
50,Andirons 
51,Angel 
52,Animal 
53,Animal flamingo 
54,Animals 
55,Animals flamingos 
56,Animal skeleton 
57,Animal topiary 
58,Animal toy 
59,Animal toys 
60,Antenna 
61,Antique style entrance 
62,Antler 
63,Antlers 
64,Anvil 
65,Apparatus 
66,Apple 
67,Apples 
68,Apple tree 
69,Apricot 
70,Apricots 
71,Apron 
72,Aquarium 
73,Aqueduct 
74,Arbor 
75,Arcade 
76,Arcade machcine 
77,Arcade machine 
78,Arcade machines 
79,Arcades 
80,Arch 
81,Archair 
82,Arched doorway 
83,Archs 
84,Archway 
85,Arial 
86,Aricraft carrier 
87,Armchair 
88,Armchair reclining 
89,Armor 
90,Armrest 
91,Arms 
92,Arrival gate 
93,Arrow 
94,Art 
95,Artichoke 
96,Artichokes 
97,Articulated lamp 
98,Articulated lamp toy 
99,Artificial flowers 
100,Artificial golf green 
101,Artificial palm tree 
102,Art piece 
103,Ashtray 
104,Asparagus 
105,Asymmetric bars 
106,Athletic field 
107,Athletics track 
108,Atm machine 
109,Attic 
110,Autopsy table 
111,Auxiliary table 
112,Auxiliary trolley 
113,Avenue 
114,Aviary 
115,Awning 
116,Awning tidy up 
117,Ax 
118,B 
119,Baby 
120,Baby carriage 
121,Baby car seat 
122,Baby chair 
123,Baby chick 
124,Baby doll 
125,Baby highchair 
126,Baby monkey 
127,Baby walker 
128,Baby weighs 
129,Backboard 
130,Back of seat 
131,Backpack 
132,Back seat 
133,Back seats 
134,Back splash 
135,Backsplash 
136,Badge 
137,Bag 
138,Bag dress 
139,Baggage 
140,Baggage cart 
141,Bag of groceries 
142,Bags 
143,Bags roll 
144,Baguette 
145,Baking pan 
146,Balcony 
147,Bales of straw 
148,Ball 
149,Balloon 
150,Ballots 
151,Ball return 
152,Balls 
153,Balls stand 
154,Balun 
155,Balustrade 
156,Bambou cane 
157,Bambou canes 
158,Banana 
159,Bananas 
160,Banderole 
161,Bandstand 
162,Banjo 
163,Bank 
164,Banner 
165,Banquet seating 
166,Bapistry 
167,Baptismal font 
168,Bar 
169,Barbecue 
170,Barbed wire 
171,Barbell 
172,Barn 
173,Barrel 
174,Barrel rack 
175,Barrels 
176,Barren land 
177,Barrier 
178,Bars 
179,Bars door 
180,Bars wall 
181,Base 
182,Baseball 
183,Baseball cap 
184,Baseboard 
185,Basin 
186,Basket 
187,Basketball 
188,Basketball court 
189,Basketball goal 
190,Basket ball hoop 
191,Basketball hoop 
192,Basket food 
193,Basket fruits 
194,Basket of banana 
195,Basket of bread 
196,Basket of eggs 
197,Basket of flowers 
198,Basket of fruit 
199,Basket of onions 
200,Basket of potatos 
201,Basket of towels 
202,Basket of vegtables 
203,Baskets 
204,Basket table 
205,Bass drum 
206,Bassinet 
207,Bat 
208,Bath 
209,Bath-mat 
210,Bathrobe 
211,Bathroom tiles 
212,Bath soap 
213,Bath sponge 
214,Bathtub 
215,Bath tube 
216,Bathtube 
217,Bathtue 
218,Batting cage 
219,Beach 
220,Beach lake 
221,Beach rocks 
222,Beadspread 
223,Beam 
224,Beams 
225,Bean bag 
226,Beanch 
227,Bear 
228,Bearded bust 
229,Bear statue 
230,Bebe 
231,Bed 
232,Bed ccrop 
233,Bed-clothes 
234,Bed croop 
235,Bedhead 
236,Bed occlulded 
237,Bedpost 
238,Beds 
239,Bed sheet 
240,Bedside table 
241,Bed skirt 
242,Bed spread 
243,Bedspread 
244,Bed trolley 
245,Beef 
246,Beer machine 
247,Begetables 
248,Bell 
249,Bell pepper 
250,Bell tower 
251,Belt 
252,Belts 
253,Bench 
254,Bench cushion 
255,Benches 
256,Benchs 
257,Berth 
258,Betting shop 
259,Bib 
260,Bibed 
261,Bicycle 
262,Bicycle rack 
263,Bicycle racks 
264,Bicycles 
265,Bicycle wheel 
266,Bicyclist 
267,Bicyclists 
268,Bidet 
269,Bidon 
270,Big stones 
271,Big top 
272,Big wheel 
273,Bike 
274,Bill 
275,Billard table 
276,Billboard 
277,Billiard 
278,Billiard table 
279,Billiar table 
280,Bin 
281,Binder 
282,Binders 
283,Binoculars 
284,Bird 
285,Birdcage 
286,Bird decoration 
287,Bird-shaped jar 
288,Biro 
289,Biscuits box 
290,Biscut box 
291,Blackboard 
292,Black shadow 
293,Black tile 
294,Blanket 
295,Blankets 
296,Blast furnace 
297,Bleachers 
298,Blender 
299,Blind 
300,Blinds 
301,Block 
302,Block box 
303,Blocks 
304,Blouse 
305,Blue 
306,Blue ball 
307,Blue colour 
308,Blue flag 
309,Blue left wall 
310,Blue right wall 
311,Blusher brush 
312,Board 
313,Boards 
314,Board toy 
315,Boat 
316,Boat deck 
317,Boat decoration 
318,Boat house 
319,Boat in ruins 
320,Boats 
321,Bog water 
322,Boiler 
323,Boillers 
324,Bolt 
325,Bomb 
326,Bone 
327,Bones 
328,Bones wall 
329,Bonfire 
330,Bonk bed 
331,Boods 
332,Book 
333,Bookcase 
334,Bookend 
335,Bookends 
336,Book rack 
337,Bookrest 
338,Books 
339,Bookscase 
340,Book stand 
341,Boot 
342,Booth 
343,Booths 
344,Boots 
345,Bottle 
346,Bottle occludede 
347,Bottle pack 
348,Bottle rack 
349,Bottles 
350,Bottle soap 
351,Bottles of olive oil 
352,Bottom 
353,Bouquet 
354,Bow 
355,Bowl 
356,Bowl fruits 
357,Bowling alley 
358,Bowling ball 
359,Bowling ball return 
360,Bowling lane 
361,Bowling lanes 
362,Bowling pin 
363,Bowling pins 
364,Bowlings alley 
365,Bowl of apples 
366,Bowl of bread 
367,Bowl of cookies 
368,Bowl of flowers 
369,Bowl of fruit 
370,Bowl of garlic 
371,Bowl of peaches fruit 
372,Bowl of towels 
373,Bowl of vegetables 
374,Bowls 
375,Bow window 
376,Box 
377,Boxes 
378,Boxing gloves 
379,Box jury 
380,Boxocclluded 
381,Box of tea 
382,Box of vegetables 
383,Box stands 
384,Boy 
385,Boy playing with spade 
386,Bracelet 
387,Bracelets 
388,Brake pedal 
389,Branch 
390,Branches 
391,Brand name 
392,Brat 
393,Bread 
394,Breadbasket 
395,Bread box 
396,Bread plate 
397,Bread roll 
398,Bread rolls 
399,Breakwater 
400,Brewery 
401,Brick 
402,Bricks 
403,Brick work 
404,Bridge 
405,Briefcase 
406,Bright clouds 
407,Brochure 
408,Brochure holders 
409,Brochures 
410,Brocoli 
411,Broken monument 
412,Broom 
413,Broom handle 
414,Broomstick 
415,Brush 
416,Brushes 
417,Bucket 
418,Buckets 
419,Buddha 
420,Buffet 
421,Buggy 
422,Buiding 
423,Building 
424,Building aerial 
425,Building arch 
426,Building arena 
427,Building, cathedral 
428,Building church 
429,Building donjon 
430,Building factory 
431,Building fort 
432,Building in ruins 
433,Building materials 
434,Buildings 
435,Building sawmill 
436,Buildings factory 
437,Buildings in ruins 
438,Building station 
439,Building ziggurat 
440,Bulb 
441,Bulbs 
442,Bull 
443,Bulldozer 
444,Bulletin board 
445,Bullfighter 
446,Bullring 
447,Bull skull 
448,Bunk 
449,Bunk bed 
450,Bunk beds 
451,Bunker 
452,Bunkhouse 
453,Bunny statue 
454,Buoy 
455,Buoys 
456,Burner 
457,Bus 
458,Buses 
459,Buses side 
460,Bush 
461,Bushes 
462,Business cards 
463,Busket 
464,Bus side 
465,Bus station 
466,Bus stop 
467,Bust 
468,Butane gas cylinder 
469,Butcher shop 
470,Butchery 
471,Butter dish 
472,Button 
473,Buttons 
474,Byroad 
475,Cabana 
476,Cabbages 
477,Cabiet 
478,Cabin 
479,Cabinet 
480,Cabinet door 
481,Cabinet door handle 
482,Cabinet dresser 
483,Cabinets 
484,Cabins 
485,Cable 
486,Cactus 
487,Cadleholder 
488,Caffee table 
489,Cage 
490,Cages 
491,Cainet 
492,Cake 
493,Cakes 
494,Calculator 
495,Calendar 
496,Call buttons 
497,Camcorder 
498,Camera 
499,Camera tv 
500,Can 
501,Canal 
502,Candelabra 
503,Candel stand 
504,Candies 
505,Candle 
506,Candleholdeer 
507,Candleholder 
508,Candle holder 
509,Candle in holder 
510,Candles 
511,Candlestick 
512,Candlesticks 
513,Candy 
514,Candy bag 
515,Candy bags 
516,Candys 
517,Candy track 
518,Cane 
519,Canes 
520,Canister 
521,Canisters 
522,Cannon 
523,Canoe 
524,Canoppy 
525,Canopy 
526,Cans 
527,Canteen 
528,Cantelope 
529,Canvas 
530,Canyon 
531,Cap 
532,Cape 
533,Caps 
534,Captus 
535,Car 
536,Caravan 
537,Caravans 
538,Car az0deg 
539,Car az180deg 
540,Car az90deg 
541,Car body 
542,Card 
543,Cardboard 
544,Cards 
545,Card table 
546,Car front 
547,Cargo 
548,Carousel 
549,Carousel horse 
550,Carp 
551,Car park 
552,Carparking area 
553,Carpet 
554,Carport 
555,Car rear 
556,Car rear az90deg 
557,Carriage 
558,Carriage vehicle 
559,Carrots 
560,Cars 
561,Car scrapping 
562,Car side 
563,Car side rear 
564,Cars scraping 
565,Cars scrapping 
566,Cars side 
567,Cars toy 
568,Car suv 
569,Cart 
570,Car taxi 
571,Carton box 
572,Cartons 
573,Cartoon 
574,Car toy 
575,Cart track 
576,Car tyre 
577,Carved pillars 
578,Carving design 
579,Car wash 
580,Car wreck 
581,Case 
582,Cases 
583,Cash register 
584,Casserole 
585,Cassette 
586,Cassettes 
587,Castle 
588,Castle in ruins 
589,Cat 
590,Cat box 
591,Cat figurine 
592,Cathedral, building 
593,Catherdral 
594,Cat ladder 
595,Catwalk 
596,Cauldron 
597,Cauliflower 
598,Cave 
599,Cave entrance 
600,Cavern 
601,Ccanopy 
602,Cd 
603,Cd player 
604,Cd's 
605,Cds 
606,Cd stand 
607,Ceiling 
608,Ceiling fan 
609,Ceiling lamp 
610,Ceiling lamp 
611,Ceiling lamps 
612,Ceiling tile 
613,Ceilin lamp 
614,Celery 
615,Cell 
616,Cell door 
617,Cello 
618,Cello case 
619,Cellphone 
620,Cell phone 
621,Cells 
622,Cement wall 
623,Central reservation 
624,Centrifuge 
625,Ceramic 
626,Ceramic box 
627,Ceramic figure 
628,Ceramic tile 
629,Cereal boxes 
630,Certificate 
631,Chai 
632,Chain 
633,Chains 
634,Chair 
635,Chair desk 
636,Chair lift 
637,Chairs 
638,Chairs desk 
639,Chairs lift 
640,Chair top 
641,Chair wheel 
642,Chaise lounge 
643,Chalice 
644,Chalk 
645,Champaign 
646,Champaign bucket 
647,Chandelier 
648,Change machine 
649,Changing table 
650,Channel 
651,Charger 
652,Chart 
653,Checkers 
654,Checkers pieces 
655,Checkers table 
656,Check-in-desk 
657,Check-in-desks 
658,Checkpoint 
659,Cheese 
660,Cheeses 
661,Chef 
662,Chef_s hat 
663,Chess 
664,Chessboard 
665,Chess pieces 
666,Chest 
667,Chest of drawers 
668,Chick 
669,Chicken 
670,Chickens 
671,Chicks 
672,Child 
673,Childrens games 
674,Childrens park 
675,Chilis 
676,Chimney 
677,Chimneys 
678,China cabinet 
679,China hutch 
680,Chip 
681,Chips 
682,Chocolate 
683,Chocolate box 
684,Chocolates 
685,Chopping board 
686,Chop stick 
687,Christmas tree 
688,Church 
689,Chute 
690,Cigarettes vending machine 
691,Cigars box 
692,Cigars box 
693,Ciment mixer 
694,Circle 
695,Circus 
696,Cistern 
697,City 
698,Clalk 
699,Clams 
700,Clay figure 
701,Cleaner 
702,Cliff 
703,Cliff and waterfall 
704,Cliffs 
705,Clipboard 
706,Clock 
707,Clock radio 
708,Closet 
709,Closet rod 
710,Cloth 
711,Clothes 
712,Clothes hanging 
713,Clothes hook 
714,Clothespin 
715,Clothes rack 
716,Clothes stand 
717,Clothing 
718,Cloth line 
719,Cloth material 
720,Clothsline 
721,Cloud 
722,Clouds 
723,Cloudy sky 
724,Clown 
725,Club 
726,Clubs 
727,Clutch pedal 
728,Coaster 
729,Coastline 
730,Coat 
731,Coat hook 
732,Coat of arms 
733,Coat rack 
734,Coats 
735,Coat stand 
736,Cobble paving 
737,Cock 
738,Cockerel 
739,Cocktail glass 
740,Cocktail shaker 
741,Coconut 
742,Coconuts 
743,Coconuts in bowl 
744,Coconut tree leaves 
745,Coffee cup 
746,Coffee cup 
747,Coffee cups 
748,Coffee grinder 
749,Coffee maker 
750,Coffeepot 
751,Coffee table 
752,Coffered ceiling 
753,Coffin 
754,Coiled cable 
755,Coin slot 
756,Colander 
757,Cold meat 
758,Cold meats 
759,Cold storage 
760,Cold storage door 
761,Cold store 
762,Colf stick 
763,Colonnade 
764,Colourboard 
765,Colt 
766,Columm 
767,Column 
768,Columns 
769,Colution water 
770,Comb 
771,Combine harvester 
772,Comforter 
773,Compac discs 
774,Compact stereo system 
775,Compartment 
776,Computer 
777,Computer mouse 
778,Conch 
779,Concrete pipe 
780,Cone 
781,Cones 
782,Cone traffic 
783,Conference table 
784,Confessional booth 
785,Console 
786,Console table 
787,Container 
788,Containers 
789,Container work 
790,Contrabass 
791,Control 
792,Control cabinet 
793,Controller 
794,Control panel 
795,Control remote 
796,Controls 
797,Control table 
798,Control tower 
799,Conveyor belt 
800,Cook book 
801,Cook books 
802,Cooker 
803,Cooker eye 
804,Cookie 
805,Cookie jar 
806,Cookies 
807,Cooking grate 
808,Cooking pot 
809,Cool box 
810,Cooler 
811,Cooling tower 
812,Coop 
813,Coral 
814,Cordless phone 
815,Corkscrew 
816,Corner 
817,Corn field 
818,Cosmetic item for sale 
819,Costline 
820,Costume 
821,Cot 
822,Couch 
823,Counter 
824,Counter bottom 
825,Countertop 
826,Counterweight 
827,Court 
828,Cove 
829,Cover 
830,Covered balcony 
831,Covered bridge 
832,Covered wagon 
833,Cow 
834,Cow on wheels 
835,Cows 
836,Cpu 
837,Crackers 
838,Cradle 
839,Crane 
840,Crane scrapping 
841,Craps table 
842,Crate 
843,Crater 
844,Crates 
845,Crayons 
846,Cream tube 
847,Creaper 
848,Creeper 
849,Creepers 
850,Crevasse 
851,Crib 
852,Croissant 
853,Croissants 
854,Cross 
855,Crosses 
856,Crosswalk 
857,Crosswalk sign 
858,Crow 
859,Cruet 
860,Cruet sing 
861,Crutche 
862,Cube 
863,Cubicle 
864,Cubicles 
865,Cucumbers 
866,Cuddly toy 
867,Cuddly toys 
868,Cue 
869,Cue place 
870,Cues 
871,Cue side 
872,Cultivated field 
873,Cup 
874,Cup and saucer 
875,Cupboard 
876,Cupboards 
877,Cup glass 
878,Cup of spoons 
879,Cups 
880,Curb 
881,Curtain 
882,Curtain knob 
883,Curtain rod 
884,Curtains 
885,Cushion 
886,Cushions 
887,Cutain 
888,Cuter 
889,Cuterbox 
890,Cutlery 
891,Cutlery sing 
892,Cut shoe 
893,Cut slices machine 
894,Cut table 
895,Cutting board 
896,Cutting board with vegetables 
897,Cut tree 
898,Cycleway 
899,Cyclist 
900,Cyclotron 
901,Cymbal 
902,Dais 
903,Dam 
904,Dark 
905,Darkness 
906,Dartboard 
907,Dashboard 
908,Dataphone 
909,Debris 
910,Decanter 
911,Deck 
912,Deck boat 
913,Deck chair 
914,Deck chairs 
915,Decoration 
916,Decoration ball 
917,Decoration dish 
918,Decoration glass 
919,Decoration heart 
920,Decoration lamp 
921,Decorations 
922,Decoration wall 
923,Decorative apple 
924,Decorative ball 
925,Decorative boat 
926,Decorative bottle 
927,Decorative bowl 
928,Decorative bowls 
929,Decorative box 
930,Decorative boxes 
931,Decorative cloth 
932,Decorative dish 
933,Decorative element 
934,Decorative fish 
935,Decorative frame mirror 
936,Decorative fruit 
937,Decorative glass 
938,Decorative glass bowl 
939,Decorative globe 
940,Decorative house 
941,Decorative kimono 
942,Decorative mask 
943,Decorative object 
944,Decorative plate 
945,Decorative plates 
946,Decorative screen 
947,Decorative table cloth 
948,Decorative tree 
949,Decorative wall hanging 
950,Decorative wood 
951,Deer 
952,Degree certificate 
953,Deli 
954,Demarcate ground 
955,Dental chair 
956,Dental instruments 
957,Dental sink 
958,Dental swivel chair 
959,Deodorant 
960,Desert 
961,Desert field 
962,Desert ground 
963,Desk 
964,Desk chair 
965,Desk chairs 
966,Desk corp 
967,Desk lamp 
968,Desk lamp 
969,Desk mat 
970,Desk organizer 
971,Desks 
972,Desk separation 
973,Desk set 
974,Desktop 
975,Developing machine 
976,Dial 
977,Dice 
978,Digital clock 
979,Digital readout 
980,Dining table 
981,Directory 
982,Dirt track 
983,Dirty mug 
984,Dish 
985,Dishcloth 
986,Dish drainer 
987,Dishes 
988,Dish rack 
989,Dish soap 
990,Dish towel 
991,Dish washer 
992,Dishwasher 
993,Dish with lobsters 
994,Disks 
995,Disk spindle 
996,Dispenser 
997,Display 
998,Display case 
999,Display stand 
1000,Disposal plant 
1001,Distaff 
1002,Ditch 
1003,Ditch water 
1004,Diver 
1005,Diving board 
1006,Dock 
1007,Doctor table 
1008,Dog 
1009,Dog bed 
1010,Dog dish 
1011,Doily 
1012,Doll 
1013,Dollhouse 
1014,Dolls 
1015,Dolmen 
1016,Dolmens 
1017,Dolphin 
1018,Dome 
1019,Donkey 
1020,Door 
1021,Door bars 
1022,Door frame 
1023,Door handle 
1024,Door knob 
1025,Door opening 
1026,Doors 
1027,Door van 
1028,Doorway 
1029,Doorway_ lintel 
1030,Dot 
1031,Double door 
1032,Double folding door 
1033,Double washbasin 
1034,Double window 
1035,Drain 
1036,Drain plug 
1037,Drapes 
1038,Drawer 
1039,Drawer knob 
1040,Drawers 
1041,Drawers toy 
1042,Drawing 
1043,Drawing crab 
1044,Drawings 
1045,Drawing shark 
1046,Drawing table 
1047,Drawing tables 
1048,Dress 
1049,Dresser 
1050,Dresses 
1051,Dressing screen 
1052,Dressing table 
1053,Dried flowers 
1054,Dried flowers in pot 
1055,Dried flowers in vase 
1056,Dried herbs 
1057,Dried plant 
1058,Drift ice 
1059,Drill 
1060,Drilling equipment 
1061,Drink 
1062,Drinker 
1063,Drinking fountain 
1064,Drinks cabinet 
1065,Driver 
1066,Driveway 
1067,Drop cloth 
1068,Dropper 
1069,Drum 
1070,Drums 
1071,Dry dock 
1072,Dry earaser 
1073,Dry erase board 
1074,Dry flowers 
1075,Duble door 
1076,Duck 
1077,Duck shelter 
1078,Dumbell 
1079,Dumbells 
1080,Dummy 
1081,Dummy head 
1082,Dumpster 
1083,Dune 
1084,Dustbin 
1085,Dustpan 
1086,Dust water 
1087,Duvet 
1088,Dvd 
1089,Dvd-player 
1090,Ear 
1091,Earphone 
1092,Earphones 
1093,Earrings 
1094,Earth 
1095,Earthenware jar 
1096,Earthenware pot 
1097,Earthenware pots 
1098,Easel 
1099,Edge 
1100,Egg 
1101,Eggs 
1102,Electrical appliance 
1103,Electrical outlet 
1104,Electrical plant 
1105,Electric door 
1106,Electric guitar 
1107,Electricity box 
1108,Electricity line post 
1109,Electric operator 
1110,Electric razor 
1111,Electric tea kettle 
1112,Electric toothbrush 
1113,Electronic organ 
1114,Electronic piano 
1115,Elephant 
1116,Elevator 
1117,Elevator ceiling 
1118,Elevator door 
1119,Elevator doors 
1120,Elevator sliding door 
1121,Elevator wall 
1122,Elf 
1123,Embankment 
1124,Emblem 
1125,Embrasure 
1126,Empty sacks 
1127,End table 
1128,Enetrance 
1129,Engine 
1130,Entrance 
1131,Entry 
1132,Entryphone 
1133,Envelope 
1134,Envelopes 
1135,Equestrian obstacle 
1136,Equipment 
1137,Escalator 
1138,Escarpment 
1139,Esplanade 
1140,Excavator 
1141,Exercise bench 
1142,Exercise bike 
1143,Exercise bikes 
1144,Exercise machine 
1145,Exercise machines 
1146,Exhibitor 
1147,Exist air fan 
1148,Exit 
1149,Exit board 
1150,Exit sign 
1151,Expedition 
1152,Extensible mirror 
1153,Extension cord 
1154,External drivers 
1155,Extractor fan 
1156,Extractor hood 
1157,Extractor pipe 
1158,Eye 
1159,Eyeglasses 
1160,Fabric 
1161,Face 
1162,Factory 
1163,Fairground 
1164,Fall branch 
1165,Fallen tree 
1166,Falls roofing 
1167,False ceiling 
1168,Fan 
1169,Faucet 
1170,Faucet handle 
1171,Fax machine 
1172,Feather 
1173,Feed 
1174,Feeder 
1175,Feeding bottle 
1176,Feeding trough 
1177,Fence 
1178,Fences 
1179,Fern 
1180,Ferris wheel 
1181,Field 
1182,Field desert 
1183,Field flowers 
1184,Field grass 
1185,File 
1186,File box 
1187,File cabinet 
1188,File cabinets 
1189,File organizer 
1190,Files 
1191,Filing cabinet 
1192,Finger 
1193,Fire 
1194,Fire alarm 
1195,Fire engine 
1196,Fire escape 
1197,Fire extinguisher 
1198,Firehose 
1199,Fire hydrant 
1200,Fire log 
1201,Firepace 
1202,Fireplace 
1203,Fire place 
1204,Fireplace mantle 
1205,Fireplace tools 
1206,Fireplace utensils 
1207,Fire sprinkler 
1208,Firewood 
1209,Fireworks 
1210,First floor 
1211,Fish 
1212,Fish farm water 
1213,Fishing pole 
1214,Fishs 
1215,Fish stall 
1216,Fishtank 
1217,Fitting room 
1218,Flag 
1219,Flag pole 
1220,Flags 
1221,Flagstones 
1222,Flame 
1223,Flask 
1224,Flavorings 
1225,Flight deck 
1226,Flip flop 
1227,Float 
1228,Floating bridge 
1229,Flock 
1230,Flock of sheep 
1231,Floe 
1232,Floo 
1233,Floodlight 
1234,Floodlights 
1235,Floor 
1236,Floor carpet 
1237,Flooring 
1238,Floor lamp 
1239,Floor mat 
1240,Floor number 
1241,Floor paint 
1242,Floors 
1243,Floor tile 
1244,Flork 
1245,Flower 
1246,Flowering shrub 
1247,Flower pot 
1248,Flowers 
1249,Flowers field 
1250,Flower texture 
1251,Fluorescent tube 
1252,Fluorescent tubes 
1253,Flyer 
1254,Foam 
1255,Fog 
1256,Fog bank 
1257,Folder 
1258,Folders 
1259,Folding chair 
1260,Folding door 
1261,Folding doors 
1262,Folding screen 
1263,Folding table tennis 
1264,Foliage 
1265,Font 
1266,Food 
1267,Food platter 
1268,Food processor 
1269,Food supplies 
1270,Foor 
1271,Football 
1272,Football trophy 
1273,Foot board 
1274,Footboard 
1275,Footbridge 
1276,Footrest 
1277,Footwear 
1278,Forecourt 
1279,Forest 
1280,Forest mountain 
1281,Forge 
1282,Fork 
1283,Forklift 
1284,Forks 
1285,Fort 
1286,Fortress 
1287,Fot path 
1288,Foul line 
1289,Fountain 
1290,Frame 
1291,Frame door 
1292,Frame of window 
1293,Frames 
1294,Freezer 
1295,Freezer compartment 
1296,Freezer door 
1297,Freezing ground 
1298,Freight goods 
1299,Freight train 
1300,French bread 
1301,French breads 
1302,French flag 
1303,Fridge/freezer 
1304,Frieze 
1305,Front 
1306,Front desk 
1307,Front of the bed 
1308,Front seat 
1309,Fruit 
1310,Fruit bowl 
1311,Fruit machine 
1312,Fruit plate 
1313,Fruits 
1314,Fruits bowl 
1315,Fruits plate 
1316,Fruits stand 
1317,Fruit stand 
1318,Fryer 
1319,Frying pan 
1320,Frying pans 
1321,Fumes 
1322,Funce 
1323,Funfair 
1324,Funicular  
1325,Funnel 
1326,Furnace 
1327,Furnace room 
1328,Furniture 
1329,Furniture toy 
1330,Furrow 
1331,Galics 
1332,Gallary 
1333,Galloons 
1334,Game 
1335,Game box 
1336,Games 
1337,Games room 
1338,Games table 
1339,Gangway 
1340,Garage door 
1341,Garage door 
1342,Garbage 
1343,Garbage can 
1344,Garden 
1345,Garden fencing 
1346,Garland 
1347,Garlic 
1348,Garlic braid 
1349,Garlics 
1350,Garment bag 
1351,Gas cap 
1352,Gas cylinder 
1353,Gas pedal 
1354,Gas pump 
1355,Gass 
1356,Gas station 
1357,Gas stove 
1358,Gasworks 
1359,Gate 
1360,Gatehouse 
1361,Gate number 
1362,Gates 
1363,Gateway 
1364,Gauge 
1365,Gavel 
1366,Gazebo 
1367,Gear 
1368,Gear change 
1369,Gearwheel 
1370,German flag 
1371,Giraffe 
1372,Girder 
1373,Girl 
1374,Glacier 
1375,Glass 
1376,Glass box 
1377,Glass brick 
1378,Glass ceiling 
1379,Glass cupboard 
1380,Glass door 
1381,Glass doors 
1382,Glasses 
1383,Glass fish 
1384,Glass in door 
1385,Glass jar 
1386,Glass orb 
1387,Glass piece 
1388,Glass pot 
1389,Glass sculpture 
1390,Glass separation 
1391,Glass table 
1392,Glass vault 
1393,Glass wall 
1394,Glassware 
1395,Glass window 
1396,Glazed tile 
1397,Globe 
1398,Glove 
1399,Glove compartment 
1400,Gloves 
1401,Goal 
1402,Goals soccer 
1403,Goblet 
1404,Goggles 
1405,Goldfish bowl 
1406,Golf bag 
1407,Golf cart 
1408,Golf club 
1409,Golf green 
1410,Golf machine 
1411,Goods 
1412,Goose 
1413,Gooses 
1414,Gorilla 
1415,Gourd 
1416,Grab bar 
1417,Grace land 
1418,Grall 
1419,Gramophone 
1420,Granary 
1421,Grandfather clock 
1422,Grand piano 
1423,Grandstand 
1424,Grapefruit 
1425,Grapes 
1426,Graphic equalizer 
1427,Grass 
1428,Grass field 
1429,Grassland 
1430,Grassy hill 
1431,Grave 
1432,Gravel 
1433,Gravel ground 
1434,Gravy boat 
1435,Green colour 
1436,Greenhouse 
1437,Green land 
1438,Green tree 
1439,Griddle 
1440,Grill 
1441,Grille 
1442,Grille door 
1443,Grinder 
1444,Ground 
1445,Ground covered with bit snow 
1446,Ground desert 
1447,Ground leaves 
1448,Ground leaves and rocks 
1449,Ground rocks 
1450,Ground sand 
1451,Ground shrubs 
1452,Ground snow-covered 
1453,Guardhouse 
1454,Guitar 
1455,Guitar cover 
1456,Gull 
1457,Gun 
1458,Gutter 
1459,Gym machine 
1460,Habit 
1461,Hair 
1462,Hairbrush 
1463,Hairdresser chair 
1464,Hairdressers chair 
1465,Hairdryer 
1466,Hair dryer 
1467,Hair mask 
1468,Hairpieces 
1469,Hairspray 
1470,Hake 
1471,Hall 
1472,Hallway 
1473,Ham 
1474,Hammer 
1475,Hammock 
1476,Hams 
1477,Hand 
1478,Hand bag 
1479,Hand bellows 
1480,Hand dryer 
1481,Handkerchief 
1482,Handle 
1483,Handle and lock 
1484,Handle bar 
1485,Handle bars 
1486,Handle door 
1487,Handles 
1488,Handrail 
1489,Handsaw 
1490,Hand support 
1491,Hand towel 
1492,Hand trolley 
1493,Hangar 
1494,Hanger 
1495,Hanger hook 
1496,Hangers 
1497,Hanging bird 
1498,Hanging fish 
1499,Hanging instrument 
1500,Hanging pan 
1501,Hanging pans 
1502,Hanging patches 
1503,Hanging pitcher 
1504,Hanging plate 
1505,Hanging pot 
1506,Hanging rack 
1507,Hanging rug 
1508,Hanging toy 
1509,Hanging utensils 
1510,Hanging wall flower 
1511,Harbor 
1512,Hard shoulder 
1513,Harness 
1514,Harp 
1515,Hashtray 
1516,Hat 
1517,Hatch 
1518,Hatchery 
1519,Hats 
1520,Haversack 
1521,Hay 
1522,Hay bale 
1523,Hay roll 
1524,Head 
1525,Headboard 
1526,Head deer 
1527,Headlight 
1528,Head light 
1529,Headlights 
1530,Headphone 
1531,Headphones 
1532,Head sport 
1533,Headstone 
1534,Headstone cross 
1535,Headstones 
1536,Heart 
1537,Hearth 
1538,Heated swimming pool 
1539,Heater 
1540,Heather 
1541,Heather wall 
1542,Hedge 
1543,Hedge maze 
1544,Hedges 
1545,Heeled shoe 
1546,Helicopter 
1547,Heliport 
1548,Hellmate 
1549,Helmet 
1550,Hen 
1551,Henhouse 
1552,Hens 
1553,Herb 
1554,Hi-fi 
1555,Hi-fi system 
1556,High-heeled shoe 
1557,High-heeled shoes 
1558,High rise 
1559,High tension cable 
1560,High tension cables 
1561,Highway 
1562,Hill 
1563,Hill grass 
1564,Hill leaves 
1565,Hills 
1566,Hill urban 
1567,Hinge 
1568,Hippopotamus head 
1569,Hoardings 
1570,Hobby-elephant 
1571,Hobby-horse 
1572,Hole 
1573,Hole puncher 
1574,Hollow 
1575,Hood 
1576,Hook 
1577,Horizantal pins 1 
1578,Horizantal pins 2 
1579,Horizons 
1580,Horizontal bar 
1581,Horse 
1582,Horse carousel 
1583,Horse figure 
1584,Horse statue 
1585,Hose 
1586,Hosepipe 
1587,Hotel 
1588,Hothouse 
1589,Hot mitt 
1590,Hot peppers 
1591,Hot tube 
1592,Hourglass 
1593,House 
1594,Houseboat 
1595,Houses 
1596,House set 
1597,Humidifying 
1598,Hung out 
1599,Hut 
1600,Hutch 
1601,Huts 
1602,Ice 
1603,Ice bar 
1604,Iceberg 
1605,Ice bucket 
1606,Ice cone 
1607,Ice cream machine 
1608,Ice decoration 
1609,Ice field 
1610,Ice ground 
1611,Ice hockey rink 
1612,Ice lands 
1613,Ice mountain 
1614,Ice rink 
1615,Ice shelf 
1616,Ice wall 
1617,Icon 
1618,Id card 
1619,Idol 
1620,Igloo 
1621,In box 
1622,Incinerator 
1623,Incubator 
1624,Indicator 
1625,Indoor track 
1626,Industrial building 
1627,Industrial machine 
1628,Industrial robot 
1629,Industry 
1630,Inflatable bounce game 
1631,Inflatable doll 
1632,Inflatable glove 
1633,Information 
1634,Information board 
1635,Ingots 
1636,Inner square 
1637,Instrument 
1638,Instrument control 
1639,Instrument panel 
1640,Instruments table 
1641,Instrument table 
1642,Intercom 
1643,Intrument panel 
1644,Ipod 
1645,Iron 
1646,Iron bar 
1647,Iron door 
1648,Iron foundry 
1649,Ironing board 
1650,Iron piece 
1651,Iron shelf 
1652,Iron tubes 
1653,Island 
1654,It castrates 
1655,Items for sale 
1656,Iv bag 
1657,Jack 
1658,Jacket 
1659,Jackets 
1660,Jacuzzi 
1661,Jar 
1662,Jar of beans 
1663,Jar of pens 
1664,Jar of pinecones 
1665,Jar of utencils 
1666,Jar of utensils 
1667,Jars 
1668,Jeans 
1669,Jelly jar 
1670,Jet 
1671,Jetski 
1672,Jetty 
1673,Jewelry 
1674,Jewelry display 
1675,Joist 
1676,Jud 
1677,Judge person 
1678,Judge table 
1679,Jug 
1680,Juice glass 
1681,Juice machine 
1682,Junk 
1683,Junk pile 
1684,Jury box 
1685,Kasbah 
1686,Kennel 
1687,Kennels 
1688,Ketchup bottle 
1689,Kettle 
1690,Key 
1691,Keyboard 
1692,Keyboard shelf 
1693,Key pad 
1694,Keys 
1695,Kid 
1696,Killer whale 
1697,Kiosk 
1698,Kitchen island 
1699,Kitchen island 
1700,Kitchen tile 
1701,Kitchen utensils 
1702,Kite 
1703,Kiwi 
1704,Kleenex 
1705,Kleenex box 
1706,Kneel person 
1707,Knife 
1708,Knife holder 
1709,Knives 
1710,Knives rack 
1711,Knob 
1712,Knobs 
1713,Lab bench 
1714,Label 
1715,Laboratory equipment 
1716,Labyrinth 
1717,Ladder 
1718,Ladder hand support 
1719,Ladle 
1720,Lady 
1721,Lake 
1722,Lake house 
1723,Lake water 
1724,Laminar air flow 
1725,Lamp 
1726,Lamp cord 
1727,Lamp hair 
1728,Lamppost 
1729,Lampshade 
1730,Land 
1731,Landfill 
1732,Lane 
1733,Lantern 
1734,Laptop 
1735,Large bowl 
1736,Large bush 
1737,Large fork 
1738,Large rabbit 
1739,Large window 
1740,Latch 
1741,Latrine 
1742,Lattice 
1743,Laundry basket 
1744,Lava 
1745,Lawn 
1746,Lawnmower 
1747,Leaf 
1748,Leash 
1749,Leather 
1750,Leaves 
1751,Leaves tree 
1752,Lectern 
1753,Ledge 
1754,Led light 
1755,Lemon 
1756,Lemons 
1757,Lemon slice 
1758,Letrine 
1759,Letter mail 
1760,Lettuce 
1761,Levee 
1762,Level 
1763,Levers 
1764,License 
1765,License plate 
1766,Lid 
1767,Lidar 
1768,Lid of bowl 
1769,Life guard 
1770,Life preserver 
1771,Lift 
1772,Lift bridge 
1773,Light 
1774,Light aircraft 
1775,Lightbulb 
1776,Lighthouse 
1777,Lighting 
1778,Lighting fixture 
1779,Light lamp 
1780,Light pole 
1781,Light post 
1782,Lights 
1783,Light tower 
1784,Lily pads 
1785,Lime 
1786,Line persons 
1787,Lion 
1788,Lion plate 
1789,Lion statue 
1790,Liquide soap 
1791,Liquid soap 
1792,Liquor cabinet 
1793,List 
1794,Lithograph 
1795,Litter basket 
1796,Litter bin 
1797,Little bear 
1798,Liver 
1799,Living area 
1800,Loaf 
1801,Loafs 
1802,Loan 
1803,Loaves 
1804,Lobby 
1805,Lock 
1806,Locker 
1807,Locker door 
1808,Lockers 
1809,Lockgate 
1810,Lodge 
1811,Loft 
1812,Log 
1813,Log holder 
1814,Logo 
1815,Logs 
1816,Lookout station 
1817,Loom 
1818,Loor 
1819,Loudspeaker 
1820,Lower deck 
1821,Luggage 
1822,Luggage rack 
1823,Lumber 
1824,Lumbers 
1825,Luminous sign 
1826,Lying down 
1827,Machine 
1828,Machine gun 
1829,Machinery 
1830,Machines 
1831,Magazine 
1832,Magazine holder 
1833,Magazine rack 
1834,Magazines 
1835,Magnet 
1836,Magnifying glass 
1837,Mailbox 
1838,Mailboxes 
1839,Main entrance 
1840,Main square 
1841,Make 
1842,Makeup 
1843,Man 
1844,Manhole 
1845,Manhole cover 
1846,Mannequin 
1847,Manometer 
1848,Mantle 
1849,Manufacturing plant 
1850,Map 
1851,Marbelfloor 
1852,Marble bowl 
1853,Marble floor 
1854,Margarine 
1855,Markers 
1856,Marketing 
1857,Markise 
1858,Marquee 
1859,Marsh water 
1860,Martini shaker 
1861,Mask 
1862,Massage bed 
1863,Massage table 
1864,Mast 
1865,Mat 
1866,Material 
1867,Material rolls 
1868,Mattress 
1869,Mausoleum 
1870,Maze 
1871,Md toy 
1872,Measuring spoons 
1873,Meat 
1874,Meat bag 
1875,Meat bags 
1876,Meat piece 
1877,Meat pieces 
1878,Mechanical shovel 
1879,Mechanism 
1880,Medical machine 
1881,Medicine cabinet 
1882,Medicines 
1883,Meeter 
1884,Melon 
1885,Melons 
1886,Men 
1887,Menu 
1888,Menu card 
1889,Menus 
1890,Merchandise 
1891,Merry go round 
1892,Message board 
1893,Metal ball 
1894,Metal bowl 
1895,Metal coffee grinder 
1896,Metal coil tube 
1897,Metal decoration 
1898,Metal door 
1899,Metal piping 
1900,Metal profiles 
1901,Metal seashell 
1902,Metal shell decoration 
1903,Metal shutter 
1904,Metal shutters 
1905,Metal teapot 
1906,Meter 
1907,Mezzanine 
1908,Micestand 
1909,Microbrewery 
1910,Microphone 
1911,Microscope 
1912,Microwave 
1913,Middle pirch 
1914,Milk steaming cup 
1915,Mill 
1916,Minar 
1917,Minaret 
1918,Minature chair 
1919,Minced meat 
1920,Mine 
1921,Mine ceiling 
1922,Mine ground 
1923,Mineral 
1924,Miniature chair 
1925,Miniature sofa 
1926,Minibus 
1927,Mini crane 
1928,Mini-fridge 
1929,Mirror 
1930,Missile 
1931,Mitten 
1932,Mixer 
1933,Mobile 
1934,Mobile conveyor 
1935,Mobile phone 
1936,Model 
1937,Mold 
1938,Molding 
1939,Money 
1940,Monitor 
1941,Monitors 
1942,Monitor stand 
1943,Monkey 
1944,Monkey wood 
1945,Monolith 
1946,Monument 
1947,Moon 
1948,Moon decoration 
1949,Mooring 
1950,Mop handle 
1951,Morar and pestle 
1952,Mortar 
1953,Mosque 
1954,Moss 
1955,Motion detector 
1956,Motor 
1957,Motorbike 
1958,Motorbike cart 
1959,Motorbikes 
1960,Motorbike section 
1961,Motorbikes side 
1962,Motorcyclist 
1963,Moulding 
1964,Mound 
1965,Mountain 
1966,Mountain fog 
1967,Mountain ledge 
1968,Mountain pass 
1969,Mountains 
1970,Mountain salt 
1971,Mountain slope 
1972,Mountain terraces 
1973,Mounted fish 
1974,Mouse 
1975,Mouse pad 
1976,Mouse stand 
1977,Moutain 
1978,Mouth 
1979,Mud 
1980,Mudflat 
1981,Muffin 
1982,Muffins 
1983,Mug 
1984,Mug and saucer 
1985,Mugs 
1986,Multiple socket 
1987,Mural 
1988,Mushrooms 
1989,Music control table 
1990,Music devices 
1991,Musicians place 
1992,Music stand 
1993,Music system 
1994,Mussels 
1995,Nail brush 
1996,Name board 
1997,Name plate 
1998,Napkin 
1999,Napkin ring 
2000,Napkins 
2001,Nasket 
2002,Necklace 
2003,Necklaces 
2004,Net 
2005,Net curtain 
2006,Newspaper 
2007,Newspapers 
2008,Newsstand 
2009,Niche 
2010,Night lamp 
2011,Night stand dresser 
2012,Night table 
2013,Night table ocluded 
2014,No smoking sign 
2015,Note 
2016,Notebook 
2017,Notebooks 
2018,Notecards 
2019,Notepad 
2020,Notes 
2021,Notice 
2022,Notice board 
2023,Noticeboard 
2024,Nozzle 
2025,Nuclear reactor 
2026,Number 
2027,Number one 
2028,Nutcracker 
2029,Nuts 
2030,Oar 
2031,Obelisk 
2032,Object 
2033,Objects 
2034,Observation building 
2035,Observation tower 
2036,Observatory 
2037,Obstacle 
2038,Ocks 
2039,Odometer 
2040,Office 
2041,Office partition 
2042,Offices 
2043,Office window 
2044,Oil 
2045,Oil bottle 
2046,Oilcloth 
2047,Oil jar 
2048,Oil lamp 
2049,Oil tubes 
2050,Old house 
2051,Old soap 
2052,Onion 
2053,Onions 
2054,Open 
2055,Open door 
2056,Opening 
2057,Open plan 
2058,Open suitcase 
2059,Open truck 
2060,Operation table 
2061,Orange 
2062,Orange colour flower 
2063,Oranges 
2064,Ore 
2065,Organ 
2066,Organizer 
2067,Ottoman 
2068,Outhouse wc 
2069,Outlet 
2070,Outlets 
2071,Oven 
2072,Oven cloth 
2073,Oven door 
2074,Oven mitt 
2075,Oven range 
2076,Oven window 
2077,Overhead door 
2078,Overhead lamp 
2079,Overhead projector 
2080,Oxygen tank 
2081,Oyster bank 
2082,Pace mat 
2083,Pack 
2084,Package 
2085,Pack bags 
2086,Packet 
2087,Pack of cigarettes 
2088,Pack of snuff 
2089,Packs 
2090,Paddle 
2091,Paddy field 
2092,Padlock 
2093,Pad of paper 
2094,Pagoda 
2095,Paint box 
2096,Paintbrush 
2097,Paintbrushes 
2098,Paint brushes 
2099,Paint can 
2100,Painter 
2101,Paintig 
2102,Painting 
2103,Paintingboard 
2104,Paintingn 
2105,Painting on wall 
2106,Paintings 
2107,Paintng 
2108,Paint pot 
2109,Paiting 
2110,Paks 
2111,Palace 
2112,Palette 
2113,Palisade 
2114,Pallet 
2115,Pallets 
2116,Palm 
2117,Palmates 
2118,Palm tree 
2119,Palm tree 
2120,Palm trees 
2121,Palm tree trunk 
2122,Pan 
2123,Pane 
2124,Panel 
2125,Panel control 
2126,Panelling 
2127,Panels 
2128,Panes 
2129,Pant 
2130,Panter 
2131,Pantheon 
2132,Pantry 
2133,Pantry door 
2134,Pantry shelf 
2135,Pants 
2136,Paper 
2137,Paper bags 
2138,Paper box 
2139,Paper cup 
2140,Paper cups 
2141,Paper dishes 
2142,Paper dispenser 
2143,Paper dove 
2144,Paper filer 
2145,Paper roll 
2146,Paper rolls 
2147,Papers 
2148,Paper sheet 
2149,Paper towel 
2150,Paper towel dispenser 
2151,Paper towel holder 
2152,Paper towels 
2153,Paper weight 
2154,Paprika 
2155,Parade 
2156,Parcel 
2157,Park 
2158,Parking 
2159,Parking area 
2160,Parking lot 
2161,Parking meter 
2162,Parking place 
2163,Partition wall 
2164,Parts 
2165,Pass 
2166,Passage 
2167,Pasta 
2168,Pasta jar 
2169,Pastries 
2170,Pastry 
2171,Path 
2172,Patio 
2173,Patio chair 
2174,Pavement 
2175,Pavilion 
2176,Pavilions 
2177,Paving 
2178,Paving stone 
2179,Peach 
2180,Peaches 
2181,Peak 
2182,Peaked cap 
2183,Peaks 
2184,Pear 
2185,Pebbles 
2186,Pectoral machine 
2187,Pedestal 
2188,Pedestal of fruit 
2189,Pelat 
2190,Pelota court 
2191,Pen 
2192,Pen box 
2193,Pencil 
2194,Pencil case 
2195,Pencil cup 
2196,Pencils 
2197,Pendant 
2198,Penguin 
2199,Pen holder 
2200,Pens 
2201,Pen set 
2202,People 
2203,People art decor 
2204,People, choral 
2205,People riding 
2206,People sitting 
2207,People standing 
2208,People waiting 
2209,People walking 
2210,Pepergrinder 
2211,Pepole 
2212,Pepper 
2213,Pepper mill 
2214,Peppers 
2215,Perfume bottle 
2216,Perso 
2217,Person 
2218,Person batter 
2219,Person bending over 
2220,Person boxer 
2221,Person child 
2222,Person cyclist 
2223,Person dancing 
2224,Person dressed up 
2225,Person driver 
2226,Person driving 
2227,Person go down 
2228,Person go up 
2229,Person in blue jacket 
2230,Person judoka 
2231,Person jumping 
2232,Person lying 
2233,Person lying down 
2234,Person model 
2235,Person player 
2236,Person playing 
2237,Person riding 
2238,Person running 
2239,Persons 
2240,Person sitting 
2241,Person sitting 
2242,Person skating 
2243,Person skiing 
2244,Person squatting 
2245,Person standing 
2246,Person standing 
2247,Persons walking 
2248,Person swimming 
2249,Person walking 
2250,Person woman 
2251,Person working 
2252,Perso sittig 
2253,Perso sitting 
2254,Perso standing 
2255,Pestle 
2256,Petal 
2257,Pet bowl 
2258,Pet dish 
2259,Petfood dish 
2260,Petrol pump 
2261,Petrol pump hose 
2262,Philharmonic 
2263,Phone 
2264,Phonebook 
2265,Phone charger 
2266,Phone handset 
2267,Photo 
2268,Photo album 
2269,Photo backdrops 
2270,Photo frame 
2271,Photo machine 
2272,Piano 
2273,Piano pedels 
2274,Pickles 
2275,Pick up 
2276,Pickup 
2277,Pick-up 
2278,Pickup side 
2279,Pictrure 
2280,Pictue 
2281,Picture 
2282,Picture frame 
2283,Picture of flag 
2284,Pictures 
2285,Pie 
2286,Piece 
2287,Pieces 
2288,Pier 
2289,Pies 
2290,Pig 
2291,Pigeon 
2292,Pigeonhole 
2293,Pig statue 
2294,Pigsty 
2295,Pig tail 
2296,Pijamas 
2297,Pilar 
2298,Pile of junk 
2299,Pile of trash 
2300,Pillar 
2301,Pillars 
2302,Piller 
2303,Piller top 
2304,Pilllow 
2305,Pillow 
2306,Pillow occlulded 
2307,Pillows 
2308,Pilot 
2309,Pilothouse 
2310,Pilot sitting 
2311,Pilow 
2312,Pinball 
2313,Pineapple 
2314,Pineapple plant 
2315,Pine cone 
2316,Pinecones 
2317,Pins 
2318,Pipe 
2319,Pipes 
2320,Pipw 
2321,Pirch 
2322,Pitch 
2323,Pitcher 
2324,Pitchfork 
2325,Pizza 
2326,Placard 
2327,Place mat 
2328,Place setting 
2329,Plain 
2330,Plalnt 
2331,Plan 
2332,Plane 
2333,Planet 
2334,Planetarium 
2335,Plank 
2336,Planks 
2337,Plant 
2338,Planta 
2339,Plantation 
2340,Plant basket 
2341,Plant box 
2342,Plante 
2343,Planter 
2344,Planter boxes 
2345,Plant por 
2346,Plant pot 
2347,Plant pots 
2348,Plants 
2349,Plants ferns 
2350,Plants shrubs 
2351,Plant tree 
2352,Plaque 
2353,Plastic 
2354,Plastic bag 
2355,Plastic bucket 
2356,Plastic cup 
2357,Plastic cups 
2358,Plataform 
2359,Plate 
2360,Plateau 
2361,Plate food 
2362,Plate mat 
2363,Plate of bread 
2364,Plate of food 
2365,Plate of fruit 
2366,Plate of salad 
2367,Plate on stand 
2368,Plate rack 
2369,Plates 
2370,Platform 
2371,Platter 
2372,Platter of food 
2373,Player 
2374,Play ground 
2375,Playground 
2376,Playing material 
2377,Pliers 
2378,Plug 
2379,Plug point 
2380,Plum 
2381,Podium 
2382,Poign 
2383,Poker 
2384,Pokers fireplace tools 
2385,Polar bear 
2386,Pole 
2387,Poles 
2388,Police car 
2389,Polythene cover 
2390,Pomagranite 
2391,Poncho 
2392,Pond 
2393,Pony 
2394,Pool 
2395,Pool ball 
2396,Pool table 
2397,Pool triangle 
2398,Porcelain cookware 
2399,Porcelain fish 
2400,Porcelain urn 
2401,Porch 
2402,Port 
2403,Portable fridge 
2404,Portfolio 
2405,Portico 
2406,Post 
2407,Postcard 
2408,Postcards 
2409,Poster 
2410,Posters pole 
2411,Postes 
2412,Post-it 
2413,Post it note 
2414,Post lamp 
2415,Pot 
2416,Potatoes 
2417,Pot hanger 
2418,Pot holder 
2419,Pot lid 
2420,Pot of flowers 
2421,Pot of herbs 
2422,Pot on a stand 
2423,Pot plants 
2424,Pots 
2425,Potted fern 
2426,Potted flowers 
2427,Potted plant 
2428,Potted plants 
2429,Potterly 
2430,Potters wheel 
2431,Pottery 
2432,Pottery ball 
2433,Pottery cat 
2434,Powder 
2435,Powder compact 
2436,Power 
2437,Power point 
2438,Poy 
2439,Prawns 
2440,Precipice 
2441,Precision balance 
2442,Press 
2443,Pressure cooker 
2444,Pressure gauge 
2445,Pressure washer 
2446,Price 
2447,Price list 
2448,Price tag 
2449,Printer 
2450,Private place 
2451,Prize ribbon 
2452,Processing machine 
2453,Production line 
2454,Professional degree 
2455,Projection sceen 
2456,Projection screem 
2457,Projection screen 
2458,Projector 
2459,Projector screen 
2460,Protective railing 
2461,Proyection screen 
2462,Public toilet 
2463,Puddle 
2464,Puf 
2465,Puffy object 
2466,Pulley 
2467,Pulpit 
2468,Pumpkin 
2469,Pumpkins 
2470,Punching bag 
2471,Puppet 
2472,Purple roof 
2473,Purse 
2474,Purses 
2475,Pursse 
2476,Push buttons 
2477,Putting green 
2478,Pylon 
2479,Pyramid 
2480,Quay 
2481,Quiche 
2482,Quicksand 
2483,Quilt 
2484,Quonset hut 
2485,Quonsets hut 
2486,Rabbit 
2487,Race car 
2488,Rack 
2489,Racket 
2490,Racking chair 
2491,Radar screen 
2492,Radiator 
2493,Radio 
2494,Radiocassette 
2495,Raft 
2496,Rafting 
2497,Rail 
2498,Railing 
2499,Railings 
2500,Railroad 
2501,Railroad track 
2502,Railroad tracks 
2503,Railroad train 
2504,Rail track 
2505,Railway 
2506,Railway engine 
2507,Railways 
2508,Railway track 
2509,Railway yard 
2510,Rainbow 
2511,Raining 
2512,Rake 
2513,Ramp 
2514,Raquet 
2515,Raw disposal basket 
2516,Ray 
2517,Ray roll 
2518,Ray rolls 
2519,Razor 
2520,Razor cut hair 
2521,Reaper 
2522,Rear dash 
2523,Reclining chair 
2524,Recorder 
2525,Record player 
2526,Rectangle 
2527,Recycling materials 
2528,Recycling plant 
2529,Red box 
2530,Red bucket 
2531,Red flower 
2532,Red light 
2533,Red pepper 
2534,Red signal 
2535,Reel 
2536,Reels 
2537,Refinery 
2538,Reflection 
2539,Reflection of towel 
2540,Reflection of towel rack 
2541,Reflection of vase 
2542,Refrigerator 
2543,Refrigerator magnet 
2544,Refrigerators 
2545,Refrigirater 
2546,Refuge 
2547,Reinforced concrete beam 
2548,Remote 
2549,Remote control 
2550,Remote-controlled car az210deg 
2551,Reproduction animal 
2552,Restaurant 
2553,Restroom 
2554,Revolging door 
2555,Revolving door 
2556,Revolving doors 
2557,Revolving pass 
2558,Ribbon 
2559,Ribs 
2560,Rider 
2561,Riel 
2562,Rifle 
2563,Rifles 
2564,Ring 
2565,Ring binder 
2566,Rings 
2567,Ripple 
2568,River 
2569,River bank 
2570,Riverside 
2571,River water 
2572,River water 
2573,Riverwaterrunning 
2574,Road 
2575,Road marking 
2576,Roadroller 
2577,Roads 
2578,Road sign 
2579,Robe 
2580,Rock 
2581,Rock boulder 
2582,Rock cropped 
2583,Rocker 
2584,Rocker horse 
2585,Rock formations 
2586,Rock hill 
2587,Rocking chair 
2588,Rocking horse 
2589,Rocking horses 
2590,Rocks 
2591,Rocks moss 
2592,Rocky ceiling 
2593,Rocky floor 
2594,Rocky formation 
2595,Rocky formations 
2596,Rocky ground 
2597,Rocky hill 
2598,Rocky mountain 
2599,Rocky mountain grot 
2600,Rocky mountains 
2601,Rocky plain 
2602,Rocky steps 
2603,Rocky wall 
2604,Rod 
2605,Roll 
2606,Rolled carpet 
2607,Rolled up carpet 
2608,Roller coaster 
2609,Rolling mill 
2610,Rolling pin 
2611,Roman shade 
2612,Roof 
2613,Roof vent 1 
2614,Roof vent 2 
2615,Roof vent 3 
2616,Room 
2617,Room label 
2618,Rooster 
2619,Root 
2620,Roots 
2621,Rope 
2622,Rope bridge 
2623,Ropes 
2624,Rose 
2625,Rose window 
2626,Rotary sign 
2627,Rotisserie 
2628,Roulette 
2629,Roulette table 
2630,Roundabout 
2631,Round opening 
2632,Router 
2633,Rowing boat 
2634,Rowing machine 
2635,Rubber glove 
2636,Rubber ring 
2637,Rubbish dump 
2638,Rubble 
2639,Rucksack 
2640,Rudder 
2641,Rug 
2642,Ruined building 
2643,Ruins 
2644,Ruins building 
2645,Ruins buildings 
2646,Ruins columns 
2647,Rule 
2648,Ruler 
2649,Ruller 
2650,Runnel water 
2651,Runner cloth 
2652,Running track 
2653,Runway 
2654,Runway strip 
2655,Saand 
2656,Sack 
2657,Sacks 
2658,Saddle 
2659,Safe 
2660,Safety belt 
2661,Safety cone 
2662,Safety suit 
2663,Sail 
2664,Sailboat 
2665,Sailing boat 
2666,Saks 
2667,Salad 
2668,Saline solution 
2669,Salt 
2670,Salt and pepper 
2671,Saltcellar 
2672,Salt marsh 
2673,Salt mine 
2674,Salt pepper 
2675,Salt_pepper cellar 
2676,Salt plain 
2677,Salt shaker 
2678,Sand 
2679,Sandal 
2680,Sandals 
2681,Sandbar 
2682,Sand beach 
2683,Sandbox 
2684,Sand desert 
2685,Sand dune 
2686,Sand dunes 
2687,Sand floor 
2688,Sand ground 
2689,Sand hill 
2690,Sand mountain 
2691,Sandpit 
2692,Sand track 
2693,Sandtrap 
2694,Sand trap 
2695,Sandwich 
2696,Sandwiches 
2697,Sanwich 
2698,Satellite dish 
2699,Satellite turner 
2700,Sattelite dish 
2701,Sauceboat 
2702,Sauce bottle 
2703,Saucepan 
2704,Saucepans 
2705,Saucer 
2706,Saucers and tea cups 
2707,Sauna 
2708,Sausage 
2709,Sausages 
2710,Savanna 
2711,Sawls 
2712,Scaffolding 
2713,Scale 
2714,Scales 
2715,Scanner 
2716,Scarf 
2717,Scenery 
2718,Schoolyard 
2719,Scissors 
2720,Scoce 
2721,Scocnce 
2722,Sconce 
2723,Scooter 
2724,Score 
2725,Score board 
2726,Scoreboard 
2727,Scotch tape 
2728,Screen 
2729,Screens 
2730,Screen stand 
2731,Screwdrives 
2732,Screws box 
2733,Scrubland 
2734,Scrubs 
2735,Scuba diver 
2736,Sculpture 
2737,Sculpture cross 
2738,Scurity door 
2739,Sea 
2740,Seagull 
2741,Seal 
2742,Sealing 
2743,Seaplane 
2744,Sea plant 
2745,Sea star 
2746,Seat 
2747,Seat belt 
2748,Seatbelt 
2749,Seat belt clipper 
2750,Seating 
2751,Seatoccluded 
2752,Seat ocluded 
2753,Seats 
2754,Sea water 
2755,Sea water ice 
2756,Sea waves 
2757,Secretary table 
2758,Security camera 
2759,Security checkpoint 
2760,Security cordon 
2761,Security door 
2762,Security door frame 
2763,See 
2764,Seedbed 
2765,See water 
2766,Self 
2767,Seltzer bottle 
2768,Selves 
2769,Semidesert ground 
2770,Separation 
2771,Separation board 
2772,Separation furniture 
2773,Separation screen 
2774,Separation wall 
2775,Server 
2776,Servers 
2777,Service elevator 
2778,Service station 
2779,Service window 
2780,Serving dish 
2781,Serving spoon 
2782,Set office 
2783,Set of instruments 
2784,Set of instruments toys 
2785,Set of pigeonholes 
2786,Set of sculptures 
2787,Set square 
2788,Set table 
2789,Set table stool 
2790,Set table, stools 
2791,Settings 
2792,Seving cup and saucer 
2793,Sewing box 
2794,Sewing machine 
2795,Shadow 
2796,Shampoo 
2797,Shampoo bottle 
2798,Shanties 
2799,Shanty 
2800,Shantys 
2801,Shantytown 
2802,Share 
2803,Shark 
2804,Shaving brush 
2805,Shawl 
2806,Shed 
2807,Sheep 
2808,Sheep pen 
2809,Sheet 
2810,Sheet roofing 
2811,Sheets 
2812,Shelf 
2813,Shell 
2814,Shellfish 
2815,Shelter 
2816,Shelves 
2817,Shield 
2818,Shinkhole 
2819,Ship 
2820,Shipyard 
2821,Shirt 
2822,Shirts 
2823,Shoal 
2824,Shoap dispenser 
2825,Shodow 
2826,Shoe 
2827,Shoes 
2828,Shoji screen 
2829,Shooting pad 
2830,Shoowcase 
2831,Shop 
2832,Shopping cart 
2833,Shopping carts 
2834,Shops 
2835,Shop window 
2836,Shop windows 
2837,Shore 
2838,Shorts 
2839,Shoulder of road 
2840,Shovel 
2841,Show 
2842,Showcase 
2843,Showel 
2844,Shower 
2845,Shower curtain 
2846,Shower door 
2847,Shower door handle 
2848,Shower faucet 
2849,Shower fixture 
2850,Shower handle 
2851,Shower head 
2852,Shower rod 
2853,Shower room 
2854,Showers 
2855,Shower screen 
2856,Shower shelf 
2857,Shower tile 
2858,Shower tray 
2859,Shrine 
2860,Shrub 
2861,Shrubbery 
2862,Shrubs 
2863,Shudder 
2864,Shuter 
2865,Shutter 
2866,Side 
2867,Sideboard 
2868,Sideboard croop 
2869,Side mirror 
2870,Side rail 
2871,Side road 
2872,Side table 
2873,Sidetable 
2874,Side table 
2875,Side table ocluded 
2876,Sidewalk 
2877,Sidewalk cafe 
2878,Sieve 
2879,Sign 
2880,Signal 
2881,Signal light 
2882,Signboard 
2883,Sign board 
2884,Signs 
2885,Silos 
2886,Silver canister 
2887,Sin board 
2888,Sing 
2889,Sink 
2890,Sinkhole 
2891,Sinkhole water 
2892,Site office 
2893,Skate 
2894,Skateboard 
2895,Skating boots 
2896,Skating rink 
2897,Skeleton 
2898,Sketch 
2899,Ski 
2900,Skier 
2901,Skier person 
2902,Ski lift 
2903,Skirt 
2904,Skirting board 
2905,Skirts 
2906,Skis 
2907,Ski slope 
2908,Ski trail 
2909,Skittle 
2910,Skittle alley 
2911,Skittles 
2912,Skull 
2913,Skulls 
2914,Sky 
2915,Sky fog 
2916,Sky light 
2917,Skylight 
2918,Skyscraper 
2919,Skyscrapers 
2920,Skywalk 
2921,Sled 
2922,Sleeping bag 
2923,Sleeping robe 
2924,Sleigh 
2925,Slice 
2926,Slice of bread 
2927,Slicer 
2928,Slide 
2929,Sliding 
2930,Sliding door 
2931,Sliding doors 
2932,Sliding door window 
2933,Sliding glass door 
2934,Sliper 
2935,Slipper 
2936,Slippers 
2937,Sloot machines 
2938,Slope 
2939,Sloped ceiling 
2940,Slot machine 
2941,Slot machine 
2942,Slot machines 
2943,Slotted spoon 
2944,Slow cooker 
2945,Slum shanties 
2946,Small door 
2947,Small hut 
2948,Small leafs 
2949,Small plant 
2950,Smallplants 
2951,Small sticks 
2952,Small table 
2953,Smoke 
2954,Smoke detector 
2955,Smoke outlet 
2956,Smoke stack 
2957,Snack 
2958,Snacks 
2959,Snails 
2960,Sneaker 
2961,Sneakers 
2962,Snooker board 
2963,Snow 
2964,Snow bowling hits 
2965,Snow bowling track 
2966,Snow covered 
2967,Snow covered ground 
2968,Snow covered plain 
2969,Snow covered road 
2970,Snow covered valley 
2971,Snow land 
2972,Snowshoe 
2973,Snowy 
2974,Snowy field 
2975,Snowy ground 
2976,Snowy mountain 
2977,Snowy mountain pass 
2978,Snowy mountain pass 
2979,Snowy plain 
2980,Snowy road 
2981,Snowy slope 
2982,Snowy trees 
2983,Soap 
2984,Soap bar 
2985,Soap bottle 
2986,Soap can 
2987,Soapdish 
2988,Soap dish 
2989,Soap dispenser 
2990,Soaps 
2991,Soccer ball 
2992,Sock 
2993,Socks 
2994,Sofa 
2995,Sofa bed 
2996,Soil 
2997,Solar energy 
2998,Solar panels 
2999,Soldier 
3000,Sonce 
3001,Sopping cart 
3002,Sosfa 
3003,Sottol 
3004,Souk 
3005,Sound equipment 
3006,Soup 
3007,Soup and salad dish 
3008,Soup bowl plate 
3009,Soupdish 
3010,Soup dish 
3011,Sown field 
3012,Spade 
3013,Spanner 
3014,Spanners 
3015,Spare tire 
3016,Spatulas 
3017,Speaker 
3018,Speakers 
3019,Specular reflection 
3020,Spice jar 
3021,Spice rack 
3022,Spices 
3023,Spillway 
3024,Spiral line cord 
3025,Spiral staircase 
3026,Sponge 
3027,Sponge cake 
3028,Sponges 
3029,Spoon 
3030,Spoon holder 
3031,Spoons 
3032,Sports car 
3033,Spotlight 
3034,Spotlights 
3035,Spray 
3036,Spray bottle 
3037,Spray can 
3038,Sprays 
3039,Spread 
3040,Sprinkler 
3041,Square 
3042,Squid 
3043,Squids 
3044,Sreen 
3045,Sreetlight 
3046,Ss 
3047,Ssconce 
3048,Stable 
3049,Stables 
3050,Stackable chairs 
3051,Stacked chairs 
3052,Stack of books 
3053,Stack of bowls 
3054,Stack of dishes 
3055,Stack of papers 
3056,Stack of plates 
3057,Stack of tires 
3058,Stack of wood 
3059,Stadium 
3060,Stage 
3061,Stage lights 
3062,Stained glass 
3063,Stained glass window 
3064,Stained-glass window 
3065,Stainless backsplash 
3066,Staircase 
3067,Stairs 
3068,Stairscase 
3069,Stalactite 
3070,Stalactites 
3071,Stalagmite 
3072,Stalagmites 
3073,Stall 
3074,Stalls 
3075,Stall shower 
3076,Stand 
3077,Standboard 
3078,Stand clothes 
3079,Stands 
3080,Stapler 
3081,Star 
3082,Starfish 
3083,Stariscase 
3084,Starting gate 
3085,Starting gate trolley 
3086,Station 
3087,Statue 
3088,Statue piller 
3089,Steam roller 
3090,Steam room 
3091,Steam shovel 
3092,Steam shover 
3093,Stean shovel 
3094,Steel 
3095,Steel beam 
3096,Steel chair 
3097,Steel industry 
3098,Steel rod 
3099,Steel sheet 
3100,Steeltower 
3101,Steel wire 
3102,Steering 
3103,Steering wheel 
3104,Steetlight 
3105,Stel column 
3106,Stem 
3107,Step 
3108,Step machine 
3109,Steps 
3110,Stereo 
3111,Stethoscope 
3112,Stick 
3113,Sticker 
3114,Sticks 
3115,Sticky tape dispenser 
3116,Ston 
3117,Stone 
3118,Stone ball 
3119,Stone bowl 
3120,Stone ceiling 
3121,Stone column 
3122,Stone figure 
3123,Stone groun 
3124,Stone ground 
3125,Stone path 
3126,Stones 
3127,Stones beach 
3128,Stones bench 
3129,Stones ground 
3130,Stone steps 
3131,Stones wall 
3132,Stone wall 
3133,Stool 
3134,Stools 
3135,Stop button 
3136,Stopcock 
3137,Stop line 
3138,Storage box 
3139,Storage cart 
3140,Storage jar 
3141,Storage rack 
3142,Store 
3143,Stove 
3144,Stove burner 
3145,Stove light 
3146,Stove top 
3147,Strainer 
3148,Straw 
3149,Straw bale 
3150,Straw bales 
3151,Strawberry 
3152,Straws 
3153,Stream 
3154,Strecher 
3155,Street 
3156,Streetcar 
3157,Streetlamp 
3158,Street light 
3159,Streetlight 
3160,Streetlights 
3161,Streetlihgt 
3162,Street market 
3163,Stretcher 
3164,Stretcher toy 
3165,Stretlight 
3166,String 
3167,Strips 
3168,Strongbox 
3169,Strongroom 
3170,Stuffed animal 
3171,Stuffed animal head 
3172,Stuffed bird 
3173,Stuffing animal head 
3174,Stump 
3175,Stump of tree 
3176,Stumps 
3177,Stwich board 
3178,Submarine 
3179,Subway 
3180,Sugar 
3181,Sugar bowl 
3182,Sugar dish 
3183,Suitcase 
3184,Suitcases 
3185,Suit hanger 
3186,Sun 
3187,Sundeck 
3188,Sun deck 
3189,Sunflower 
3190,Sunflower field 
3191,Sunflowers field 
3192,Sunflowers field 
3193,Sun light 
3194,Sun mask 
3195,Sunshine 
3196,Supermarket 
3197,Support 
3198,Support beam 
3199,Supporting iron metal 
3200,Supporting metal 
3201,Support pipe 
3202,Surf 
3203,Surface 
3204,Surf board 
3205,Suspension bridge 
3206,Suspension rope bridge 
3207,Sutter 
3208,Swan 
3209,Sweater 
3210,Sweaters 
3211,Sweatshirt 
3212,Sweatshirts 
3213,Sweet tray 
3214,Swich board 
3215,Swiming pool 
3216,Swiming shoes 
3217,Swimming costume 
3218,Swimming pool 
3219,Swimming pool ladder 
3220,Swimning pool 
3221,Swing 
3222,Swings 
3223,Swiss chard 
3224,Swiss flag 
3225,Switch 
3226,Switch board 
3227,Switchboard 
3228,Switch box 
3229,Switchc 
3230,Switches 
3231,Switchs 
3232,Switich 
3233,Swivel chair 
3234,Swmming pool ladder 
3235,Sword 
3236,Symbol 
3237,Synthesizer 
3238,System 
3239,Tabe 
3240,Table 
3241,Table cloth 
3242,Tablecloth 
3243,Tableclothes 
3244,Tablecloth runner 
3245,Table footbal 
3246,Table football 
3247,Table game 
3248,Table games 
3249,Tableland 
3250,Table leg 
3251,Table runner 
3252,Table runners 
3253,Tables 
3254,Table tennis 
3255,Table top 
3256,Tail light 
3257,Talble 
3258,Tale 
3259,Tallboy 
3260,Tank 
3261,Tanker 
3262,Tanker aircraft 
3263,Tanks 
3264,Tap 
3265,Tape 
3266,Taper 
3267,Tapestry 
3268,Tap wrech 
3269,Tap wrench 
3270,Target 
3271,Tatami 
3272,Taxi sign 
3273,Tea-box 
3274,Tea canister 
3275,Tea cup 
3276,Teacup 
3277,Tea cups and saucers 
3278,Tea leaves 
3279,Teapot 
3280,Tea poy 
3281,Tea table 
3282,Teble 
3283,Teddy bear 
3284,Tee pot 
3285,Telephone 
3286,Telephone booth 
3287,Telephone cord 
3288,Telephone handset 
3289,Telescope 
3290,Televilsion camera 
3291,Television 
3292,Television cabinet 
3293,Television camera 
3294,Television stand 
3295,Television table 
3296,Television table 
3297,Televison 
3298,Telphone 
3299,Temple 
3300,Tend 
3301,Tennis court 
3302,Tent 
3303,Tents 
3304,Terrace 
3305,Terraces 
3306,Test 
3307,Test tube 
3308,Test tubes 
3309,Text 
3310,Textil loom 
3311,Texts 
3312,Thermo 
3313,Thermometer 
3314,Thermos 
3315,Thermostat 
3316,Things 
3317,Thread 
3318,Threads 
3319,Throne 
3320,Ticket booth 
3321,Ticket counter 
3322,Ticket office 
3323,Ticket vending machine 
3324,Ticket window 
3325,Tie 
3326,Ties 
3327,Tiger 
3328,Tiger wood 
3329,Tile 
3330,Tile floor 
3331,Tile roofing 
3332,Tile rufing 
3333,Tiles 
3334,Tile wall 
3335,Tiling 
3336,Tin 
3337,Tin box 
3338,Tins 
3339,Tins of tea 
3340,Tiny door 
3341,Tiny rock 
3342,Tire 
3343,Tires 
3344,Tire track 
3345,Tissue 
3346,Tissue box 
3347,Tissue dispenser 
3348,Tissue paper 
3349,Tissue paper stand 
3350,Tissues 
3351,Tiyer 
3352,Toaster 
3353,Toaster oven 
3354,Tocks 
3355,Toilet 
3356,Toilet bag 
3357,Toilet brush 
3358,Toilete kit 
3359,Toilet handle 
3360,Toilet kit 
3361,Toilet lid 
3362,Toilet lid 
3363,Toilet paper 
3364,Toilet paper 
3365,Toilet paper dispenser 
3366,Toilet paper holder 
3367,Toilet paper rolls 
3368,Toilet roll holder 
3369,Toilet seat cover 
3370,Toll 
3371,Toll booth 
3372,Tolley 
3373,Toll gate 
3374,Toll plaza 
3375,Tomato 
3376,Tomatoes 
3377,Tomb 
3378,Tombs 
3379,Tombstone 
3380,Tombstones 
3381,Tongs 
3382,Tongue 
3383,Tool 
3384,Toolbox 
3385,Toollbooth 
3386,Tools 
3387,Tools box 
3388,Tootbrush 
3389,Toothbrush 
3390,Tooth cleaner 
3391,Toothpaste tube 
3392,Topiary 
3393,Topiary tree 
3394,Topiary trees 
3395,Tops 
3396,Torch 
3397,Torso 
3398,Towel 
3399,Towel dispenser 
3400,Towel rack 
3401,Towel radiator 
3402,Towel rail 
3403,Towel ring 
3404,Towels 
3405,Tower 
3406,Town 
3407,Toy 
3408,Toy blocks 
3409,Toy car 
3410,Toy horse 
3411,Toy house 
3412,Toys 
3413,Toy seating 
3414,Toy steam shovel 
3415,Toy truck 
3416,Track 
3417,Track lighting 
3418,Tracks 
3419,Tractor 
3420,Traffic 
3421,Traffic circle 
3422,Traffic cone 
3423,Traffic cones 
3424,Traffic lights 
3425,Traffic lights 
3426,Traffic lights frontal 
3427,Traffic sign 
3428,Traficc cone 
3429,Trail 
3430,Trailer 
3431,Trailor machine 
3432,Train 
3433,Trainer 
3434,Training potty 
3435,Trains 
3436,Train tracks 
3437,Trampoline 
3438,Transmission 
3439,Trapdoor 
3440,Trapestry 
3441,Trash 
3442,Trash bag 
3443,Trash bin 
3444,Trash can 
3445,Trash compactor 
3446,Trash trolley 
3447,Travel bag 
3448,Tray 
3449,Tray rack 
3450,Trays 
3451,Treadmill 
3452,Treadmills 
3453,Treasure box 
3454,Tree 
3455,Tree branch 
3456,Tree branches 
3457,Tree cut down 
3458,Tree house 
3459,Tree leaves 
3460,Tree root 
3461,Trees 
3462,Tree stem 
3463,Tree stem2 
3464,Tree stem 3 
3465,Trees top 
3466,Trees trunk 
3467,Tree stump 
3468,Tree top 
3469,Tree trunk 
3470,Tree trunk fallen 
3471,Tree trunks 
3472,Trellis 
3473,Trench 
3474,Trench water 
3475,Trestle 
3476,Trestle bridge 
3477,Triangle 
3478,Tricycle 
3479,Tripod 
3480,Trolley 
3481,Trolley basket 
3482,Trolleybus 
3483,Trolley crane 
3484,Trolley drawers 
3485,Trolleys 
3486,Trolley table 
3487,Trolley tools 
3488,Trolley tray 
3489,Trolly bag 
3490,Trophies 
3491,Trophy 
3492,Trough 
3493,Trousers 
3494,Trowel 
3495,Truck 
3496,Truck crane 
3497,Truck door 
3498,Truck front 
3499,Truck grill 
3500,Truckle bed 
3501,Truck rear 
3502,Trucks 
3503,Truck scrapping 
3504,Trunk 
3505,Trunks 
3506,Trunk tree fall 
3507,T-shirt 
3508,T-shirts 
3509,Tub 
3510,Tube 
3511,Tube light 
3512,Tubers 
3513,Tubes 
3514,Tulip 
3515,Tumb 
3516,Tumble dryer 
3517,Tumble dryers 
3518,Tumbler 
3519,Tumbles dryer 
3520,Tuna fish can 
3521,Tundra 
3522,Tunnel 
3523,Tureen 
3524,Turkey 
3525,Turtle 
3526,Turtleshell 
3527,Tv camera 
3528,Tvs 
3529,Tv stand 
3530,Tv table 
3531,Twizlers in a cup 
3532,Typewriter 
3533,Tyre 
3534,Umberla 
3535,Umbrella 
3536,Umbrellas 
3537,Umbrella stand 
3538,Undergrowth 
3539,Underpass 
3540,Undo 
3541,Units 
3542,Urban hill 
3543,Urbanization 
3544,Urban plain 
3545,Urban valley 
3546,Urinal 
3547,Urn 
3548,Utensil 
3549,Utensil canister 
3550,Utensils 
3551,Utensils canister 
3552,Utility pole 
3553,Vacuum cleaner 
3554,Vacuum cleaner hose 
3555,Valley 
3556,Valve 
3557,Van 
3558,Vane 
3559,Van front 
3560,Vanity 
3561,Vanity bag 
3562,Van rear 
3563,Van side 
3564,Varehouse 
3565,Vase 
3566,Vases 
3567,Vault 
3568,Vaulted ceiling 
3569,Vcr 
3570,Vd 
3571,Vegetable 
3572,Vegetables 
3573,Vegetable stand 
3574,Veil 
3575,Velodrome 
3576,Vending machine 
3577,Vent 
3578,Ventilation 
3579,Ventilator 
3580,Ventilator shaft 
3581,Vents 
3582,Verge 
3583,Vertical pins 
3584,Vessel 
3585,Vest 
3586,Viaduct 
3587,Video 
3588,Video game 
3589,Videos 
3590,Viewpoint 
3591,Village 
3592,Vine 
3593,Vinegar bottle 
3594,Vinegar jar 
3595,Vine shoot 
3596,Vineyard 
3597,Vintage bottle filler 
3598,Violin 
3599,Violoncello 
3600,Visit cards 
3601,Volcano 
3602,Volleyball 
3603,Volleyball court 
3604,Voting booth 
3605,Voting instructions 
3606,Wagon 
3607,Wagons 
3608,Wahbasin 
3609,Wal 
3610,Walkie talkie 
3611,Walking frame 
3612,Walkway 
3613,Wall 
3614,Wall clock 
3615,Wall decoration 
3616,Wallet 
3617,Wall fixture 
3618,Wallgankling 
3619,Wall hanger 
3620,Wallhanging 
3621,Wall hanging 
3622,Walll 
3623,Wall mirror 
3624,Wall of skulls 
3625,Wall painting 
3626,Wall panel 
3627,Wall poster 
3628,Wall spotlight 
3629,Wall spotlights 
3630,Wall tile 
3631,Walrus 
3632,Wardrobe 
3633,Wardrobe door 
3634,Warehouse 
3635,Warning 
3636,Warship 
3637,Wasbasin 
3638,Washbasi 
3639,Washbasin 
3640,Washbasin chair 
3641,Wash cloth 
3642,Washing hair 
3643,Washing liquid 
3644,Washing machine 
3645,Washing machines 
3646,Washing place 
3647,Wastepaper basket 
3648,Wasterpaper basket 
3649,Watch 
3650,Watchtower 
3651,Water 
3652,Water bog 
3653,Water bottle 
3654,Water bottles 
3655,Water cooler 
3656,Water dispenser 
3657,Water ditch 
3658,Waterfall 
3659,Waterfall frozen 
3660,Waterfalls 
3661,Water filter 
3662,Water fountain 
3663,Waterfplsakr 
3664,Water glass 
3665,Water handle 
3666,Water hole 
3667,Water ice 
3668,Watering can 
3669,Water lake 
3670,Water lily 
3671,Water machine 
3672,Watermelon 
3673,Water mill 
3674,Water mist 
3675,Water ocean spray 
3676,Water ocean wave 
3677,Water pipe 
3678,Water river 
3679,Water surf 
3680,Water tank 
3681,Water tap 
3682,Water tower 
3683,Water tub 
3684,Water valve 
3685,Water vapor 
3686,Water wave 
3687,Water wheel 
3688,Waterwheel 
3689,Wathervane 
3690,Wave 
3691,Wavebreak 
3692,Waves 
3693,Wave splash 
3694,Wave/water 
3695,Wawll 
3696,Way 
3697,Way shed 
3698,Wc 
3699,Wdoor 
3700,Weapon 
3701,Weapons 
3702,Webcam 
3703,Weeds 
3704,Weighbridge 
3705,Weight 
3706,Weights 
3707,Welcome card 
3708,Well 
3709,Wheat 
3710,Wheat field 
3711,Wheel 
3712,Wheelbarow 
3713,Wheelbarrow 
3714,Wheelchai 
3715,Wheelchair 
3716,Wheelhouse 
3717,Wheels 
3718,Whisk 
3719,Whiteboard 
3720,White coat 
3721,White colour 
3722,White flowers 
3723,White mark 
3724,White out 
3725,Wicker basket 
3726,Wicker chair 
3727,Wieghbridge 
3728,Wig 
3729,Windmill 
3730,Windodw 
3731,Window 
3732,Window2 
3733,Window area 
3734,Window blind 
3735,Window door 
3736,Window frame 
3737,Window grill 
3738,Window occlued 
3739,Window opening 
3740,Windows 
3741,Window screen 
3742,Window shade 
3743,Windowsill 
3744,Windshield 
3745,Windwo 
3746,Wine bottle 
3747,Wine bottles 
3748,Wineglass 
3749,Wine glass 
3750,Wine glasses 
3751,Wine rack 
3752,Wine refrigerator 
3753,Winess stand 
3754,Wine storage 
3755,Wing 
3756,Winow 
3757,Wire 
3758,Wireless phone 
3759,Wires 
3760,Witness stand 
3761,Wll 
3762,Wo 
3763,Woden cabaoard 
3764,Wok 
3765,Woman 
3766,Women 
3767,Wood 
3768,Wood art 
3769,Wood bench 
3770,Wood board 
3771,Wood bowl 
3772,Wood ceiling 
3773,Wood designer 
3774,Wood dolphin 
3775,Wood door archway 
3776,Wooden bowl 
3777,Wooden box 
3778,Wooden ceiling 
3779,Wooden cutlery 
3780,Wooden door 
3781,Wooden figure 
3782,Wooden fish 
3783,Wooden horse 
3784,Wooden house 
3785,Wooden planks 
3786,Wooden roof 
3787,Wooden utensils 
3788,Woodenwardrobe 
3789,Wooden wedge 
3790,Wood figure 
3791,Wood floor 
3792,Wood horse 
3793,Wood paddle 
3794,Wood railing 
3795,Wood stove 
3796,Wood wall 
3797,Workbench 
3798,Work bench 
3799,Work coat 
3800,Workstation 
3801,Worktable 
3802,Work table 
3803,Worktop 
3804,Wreath 
3805,Wrenchs 
3806,Wtach 
3807,Wwall 
3808,X-ray 
3809,X-rays 
3810,X-rays bed 
3811,Xylophone 
3812,Yellow bucket 
3813,Yellow toy car 
3814,Yoke 
3815,Yree 
3816,Zebra 
3817,Zebras 
3818,Ziggurat 
3819,Zucchini 
